client_id,call_start,call_end,call_duration_min,agent_id,team,topic,resolved,escalation_level,satisfaction_score,satisfaction_delta,nps_score,monthly_bill_usd,discount_given_usd,tenure_months,prior_calls_3m,hold_time_seconds,queue_position,thumbs_up,comments,follow_up_required,language,age,device,contract_type,platform,created_at
CID10000,2025-01-15 00:54:00,2025-01-15 01:02:16.405862,8.27,A119,Retention,Billing,1,0,4,0,4,112.5,0.0,27,1,31,5.0,,Wait time was too long,0,English,51,Android,Month-to-month,Mobile,2025-10-02 10:56:47.586094
CID10001,2025-04-01 00:14:00,2025-04-01 00:18:05.423875,4.09,A192,Technical Support,Connectivity,1,0,7,0,10,81.73,0.0,11,3,12,15.0,1.0,,0,English,30,Android,Month-to-month,Mobile,2025-10-02 10:56:47.586094
CID10002,2025-02-09 00:08:00,2025-02-09 00:28:51.819872,20.86,A162,Technical Support,Account,1,0,7,0,8,37.42,0.0,4,0,30,8.0,1.0,Agent was helpful and resolved my issue quickly,0,English,23,Android,Month-to-month,Mobile,2025-10-02 10:56:47.586094
CID10003,2025-01-28 00:29:00,2025-01-28 00:40:48.210848,11.8,A153,Retention,Plan Change,1,0,8,-2,9,48.91,0.0,13,0,28,10.0,1.0,Excellent support!,0,English,35,Android,1-year,Mobile,2025-10-02 10:56:47.586094
CID10004,2025-01-06 00:59:00,2025-01-06 00:59:30.000000,0.5,A173,Technical Support,Technical,1,0,9,1,5,44.81,0.0,3,1,25,16.0,1.0,Not happy with the service,0,Other,32,Web,Month-to-month,Landline,2025-10-02 10:56:47.586094
CID10005,2025-01-06 00:14:00,2025-01-06 00:23:07.123553,9.12,A197,Sales,Connectivity,1,0,10,-1,10,41.17,0.0,52,0,14,8.0,,Not happy with the service,0,English,52,Android,2-year,Mobile,2025-10-02 10:56:47.586094
CID10006,2025-01-02 00:40:00,2025-01-02 00:44:01.756873,4.03,A156,Retention,Connectivity,1,0,10,1,6,42.89,0.0,10,0,24,1.0,1.0,Billing error corrected,1,Spanish,34,Feature Phone,2-year,VoIP,2025-10-02 10:56:47.586094
CID10007,2025-03-02 00:45:00,2025-03-02 00:58:06.876001,13.11,A189,Technical Support,Technical,1,0,7,2,5,42.2,0.0,4,1,27,,1.0,,0,English,56,Feature Phone,Month-to-month,Mobile,2025-10-02 10:56:47.586094
CID10008,2025-01-28 00:14:00,2025-01-28 00:17:14.692534,3.24,A140,Technical Support,Plan Change,0,0,6,-3,7,41.1,0.0,0,0,24,5.0,,,0,Spanish,43,Android,1-year,VoIP,2025-10-02 10:56:47.586094
CID10009,2025-02-06 00:43:00,2025-02-06 00:50:18.694881,7.31,A102,Billing,Billing,1,0,9,2,7,96.65,0.0,24,0,18,3.0,1.0,Wait time was too long,0,Spanish,50,iOS,Month-to-month,Mobile,2025-10-02 10:56:47.586094
CID10010,2025-01-01 00:22:00,2025-01-01 00:33:01.795420,11.03,A105,Retention,Billing,0,0,6,-1,5,29.0,0.0,24,0,0,1.0,,,0,English,39,Android,Month-to-month,VoIP,2025-10-02 10:56:47.586094
CID10011,2025-04-16 00:37:00,2025-04-16 00:50:11.671870,13.19,A104,Retention,Connectivity,1,0,10,0,5,35.24,0.0,9,0,27,,1.0,Agent could not help,0,English,55,Android,2-year,VoIP,2025-10-02 10:56:47.586094
CID10012,2025-02-23 00:38:00,2025-02-23 00:38:47.893293,0.8,A104,Sales,Technical,0,0,10,-1,5,21.11,8.09,1,0,6,8.0,,,0,English,26,Android,Month-to-month,Mobile,2025-10-02 10:56:47.586094
CID10013,2025-01-08 00:32:00,2025-01-08 00:37:59.579555,5.99,A153,Sales,Account,1,0,7,0,5,127.65,0.0,12,0,31,3.0,1.0,,0,Spanish,41,iOS,Month-to-month,Mobile,2025-10-02 10:56:47.586094
CID10014,2025-01-07 00:05:00,2025-01-07 00:10:09.019688,5.15,A146,Technical Support,Connectivity,1,0,5,0,6,33.86,0.0,8,1,43,10.0,,Wait time was too long,0,English,35,Android,Month-to-month,VoIP,2025-10-02 10:56:47.586094
CID10015,2025-01-07 00:50:00,2025-01-07 00:54:04.801476,4.08,A186,Billing,Connectivity,1,0,10,2,4,81.16,0.0,27,2,21,2.0,1.0,,0,English,56,iOS,Month-to-month,VoIP,2025-10-02 10:56:47.586094
CID10016,2025-01-11 00:19:00,2025-01-11 00:37:35.563527,18.59,A148,Technical Support,Technical,1,0,8,-1,6,72.62,0.0,22,1,23,,1.0,Resolved after supervisor escalation,1,English,57,iOS,Month-to-month,Mobile,2025-10-02 10:56:47.586094
CID10017,2025-01-23 00:11:00,2025-01-23 00:21:25.793416,10.43,A108,Technical Support,Connectivity,1,0,10,3,9,120.46,0.0,10,1,91,10.0,1.0,I was disconnected,0,Spanish,40,Android,1-year,VoIP,2025-10-02 10:56:47.586094
CID10018,2025-01-17 00:02:00,2025-01-17 00:02:30.000000,0.5,A198,Billing,Connectivity,1,0,5,1,9,48.13,0.0,5,1,56,14.0,,,0,Spanish,24,iOS,1-year,Mobile,2025-10-02 10:56:47.586094
CID10019,2025-01-11 00:35:00,2025-01-11 00:48:30.430301,13.51,A119,Retention,Account,1,0,10,0,5,30.92,12.68,106,0,74,7.0,1.0,Agent was helpful and resolved my issue quickly,0,Other,45,iOS,1-year,VoIP,2025-10-02 10:56:47.586094
CID10020,2025-01-29 00:40:00,2025-01-29 01:00:43.976231,20.73,A160,Technical Support,Connectivity,1,0,8,0,9,21.47,0.0,14,0,50,2.0,1.0,Agent was helpful and resolved my issue quickly,0,English,20,Android,Month-to-month,Mobile,2025-10-02 10:56:47.586094
CID10021,2025-01-05 00:00:00,2025-01-05 00:14:11.687494,14.19,A134,Billing,Connectivity,1,0,8,0,3,10.27,0.0,27,1,3,,1.0,Wait time was too long,0,English,59,Android,Month-to-month,Mobile,2025-10-02 10:56:47.586094
CID10022,2025-01-11 00:30:00,2025-01-11 00:30:30.000000,0.5,A149,Technical Support,Technical,1,0,7,0,10,60.15,0.0,3,0,5,,1.0,,0,English,34,iOS,Month-to-month,VoIP,2025-10-02 10:56:47.586094
CID10023,2025-01-14 00:13:00,2025-01-14 00:18:05.675734,5.09,A181,Billing,Technical,1,1,9,0,10,86.95,0.0,15,1,22,,1.0,Not happy with the service,0,English,39,Android,Month-to-month,VoIP,2025-10-02 10:56:47.586094
CID10024,2025-01-19 00:38:00,2025-01-19 00:53:36.088014,15.6,A161,Retention,Technical,1,0,6,0,6,72.46,0.0,0,1,8,9.0,,Not happy with the service,0,English,31,iOS,Month-to-month,VoIP,2025-10-02 10:56:47.586094
CID10025,2025-02-16 00:10:00,2025-02-16 00:13:45.238992,3.75,A116,Retention,Technical,1,0,8,-1,8,21.81,0.0,16,24,19,4.0,1.0,,0,English,29,Android,Month-to-month,Mobile,2025-10-02 10:56:47.586094
CID10026,2025-01-07 00:41:00,2025-01-07 00:51:39.774994,10.66,A187,Billing,Account,0,0,8,0,4,101.83,0.0,79,0,15,10.0,1.0,,0,English,48,Android,Month-to-month,Mobile,2025-10-02 10:56:47.586094
CID10027,2025-01-22 00:23:00,2025-01-22 00:35:38.868259,12.65,A102,Sales,Technical,1,0,9,-1,7,713.4429804686824,0.0,11,0,24,12.0,1.0,Agent could not help,0,English,38,Android,Month-to-month,Mobile,2025-10-02 10:56:47.586094
CID10028,2025-01-27 00:56:00,2025-01-27 00:58:26.305030,2.44,A131,Retention,Billing,1,0,9,1,7,31.69,2.49,0,0,41,17.0,1.0,Resolved after supervisor escalation,1,Spanish,40,Android,2-year,VoIP,2025-10-02 10:56:47.586094
CID10029,2025-01-02 00:08:00,2025-01-02 00:15:38.570872,7.64,A198,Sales,Account,1,2,6,0,5,35.43,0.0,0,0,38,,,Agent was helpful and resolved my issue quickly,0,English,27,iOS,2-year,VoIP,2025-10-02 10:56:47.586094
CID10030,2025-01-29 00:20:00,2025-01-29 00:20:30.000000,0.5,A112,Technical Support,Other,1,0,5,1,6,57.23,0.0,11,0,22,,,Agent could not help,0,Spanish,50,Android,1-year,VoIP,2025-10-02 10:56:47.586094
CID10031,2025-01-06 00:06:00,2025-01-06 00:07:51.220449,1.85,A188,Technical Support,Connectivity,0,0,10,2,6,22.4,0.0,4,1,52,2.0,1.0,Not happy with the service,0,English,51,iOS,2-year,VoIP,2025-10-02 10:56:47.586094
CID10032,2025-01-03 00:55:00,2025-01-03 01:01:29.075465,6.48,A172,Billing,Billing,1,0,9,2,5,53.4,5.32,0,0,17,11.0,1.0,,0,English,37,Web,1-year,Mobile,2025-10-02 10:56:47.586094
CID10033,2025-03-31 00:52:00,2025-03-31 00:52:30.798054,0.51,A167,Technical Support,Billing,0,0,7,1,5,70.65,0.0,33,0,68,16.0,1.0,,0,English,55,iOS,Month-to-month,Mobile,2025-10-02 10:56:47.586094
CID10034,2025-04-12 00:15:00,2025-04-12 00:32:47.668069,17.79,A113,Technical Support,Connectivity,1,0,10,1,4,106.1,0.0,14,29,2,19.0,1.0,,0,English,38,iOS,Month-to-month,Mobile,2025-10-02 10:56:47.586094
CID10035,2025-02-19 00:39:00,2025-02-19 00:39:30.000000,0.5,A197,Retention,Connectivity,1,0,8,-1,9,60.68,0.0,8,0,93,6.0,1.0,Agent could not help,0,English,49,Android,1-year,VoIP,2025-10-02 10:56:47.586094
CID10036,2025-01-11 00:49:00,2025-01-11 00:54:21.583985,5.36,A110,Retention,Technical,1,2,10,1,5,24.44,12.3,55,0,32,19.0,1.0,,0,English,20,Android,1-year,Landline,2025-10-02 10:56:47.586094
CID10037,2025-01-04 00:33:00,2025-01-04 00:41:47.066608,8.78,A155,Sales,Other,1,0,8,1,5,59.7,0.0,2,0,14,5.0,1.0,I was disconnected,0,English,44,iOS,1-year,Mobile,2025-10-02 10:56:47.586094
CID10038,2025-02-04 00:31:00,2025-02-04 00:47:38.858384,16.65,A166,Sales,Billing,1,0,10,-3,9,28.9,0.0,74,0,7,4.0,1.0,,0,English,36,Android,1-year,Landline,2025-10-02 10:56:47.586094
CID10039,2025-01-18 00:14:00,2025-01-18 00:14:30.000000,0.5,A191,Retention,Connectivity,1,0,10,1,8,27.92,0.0,9,0,20,,1.0,,0,English,41,iOS,Month-to-month,Mobile,2025-10-02 10:56:47.586094
CID10040,2025-01-04 00:05:00,2025-01-04 00:19:58.738951,14.98,A128,Technical Support,Connectivity,1,0,8,2,9,24.1,0.0,52,1,6,,,Not happy with the service,0,Other,41,Android,1-year,VoIP,2025-10-02 10:56:47.586094
CID10041,2025-01-21 00:53:00,2025-01-21 01:01:03.683902,8.06,A108,Sales,Technical,1,0,10,-1,9,17.34,0.0,22,0,5,10.0,1.0, very very very very very very very very very very very very very very very very very very very very very very very very very very very very very very very very very very very very very very very very very,0,Spanish,41,iOS,2-year,VoIP,2025-10-02 10:56:47.586094
CID10042,2025-01-02 00:54:00,2025-01-02 00:56:06.656886,2.11,A166,Sales,Billing,1,0,9,-1,10,38.85,0.0,42,1,29,3.0,1.0,"Great, thanks",0,English,47,Web,Month-to-month,Mobile,2025-10-02 10:56:47.586094
CID10043,2025-03-14 00:37:00,2025-03-14 00:47:46.357251,10.77,A124,Sales,Connectivity,1,0,10,-1,7,107.48,0.0,99,1,22,5.0,, very very very very very very very very very very very very very very very very very very very very very very very,0,English,33,Web,1-year,VoIP,2025-10-02 10:56:47.586094
CID10044,2025-01-09 00:20:00,2025-01-09 00:29:11.661490,9.19,A197,Technical Support,Billing,1,0,6,-2,4,211.43,0.0,8,2,33,,,Resolved after supervisor escalation,1,Spanish,46,iOS,Month-to-month,VoIP,2025-10-02 10:56:47.586094
CID10045,2025-02-02 00:20:00,2025-02-02 00:24:23.921924,4.4,A175,Billing,Connectivity,1,0,10,0,8,38.7,0.0,77,1,80,8.0,1.0,Excellent support!,0,Spanish,54,iOS,1-year,Mobile,2025-10-02 10:56:47.586094
CID10046,2025-01-12 00:43:00,2025-01-12 00:51:25.128751,8.42,A141,Billing,Billing,1,0,10,0,6,104.76,0.0,11,0,23,7.0,1.0,,0,English,23,iOS,1-year,Mobile,2025-10-02 10:56:47.586094
CID10047,2025-01-23 00:53:00,2025-01-23 00:58:41.287105,5.69,A108,Billing,Technical,1,0,5,0,5,43.09,0.0,11,2,26,10.0,,Agent was helpful and resolved my issue quickly,0,Other,30,iOS,Month-to-month,Mobile,2025-10-02 10:56:47.586094
CID10048,2025-01-24 00:53:00,2025-01-24 01:01:40.866244,8.68,A178,Technical Support,Account,1,0,6,1,7,20.28,0.0,9,0,3,6.0,,,0,English,31,Android,1-year,VoIP,2025-10-02 10:56:47.586094
CID10049,2025-01-07 00:46:00,2025-01-07 00:57:58.367043,11.97,A139,Technical Support,Account,1,0,4,-1,9,704.6177787952923,0.0,18,0,38,14.0,,Billing error corrected,1,Spanish,26,Android,Month-to-month,VoIP,2025-10-02 10:56:47.586094
CID10050,2025-04-15 00:38:00,2025-04-15 00:55:30.966054,17.52,A124,Retention,Billing,1,0,8,0,5,62.86,4.72,4,0,15,4.0,1.0,,0,Spanish,34,iOS,1-year,Mobile,2025-10-02 10:56:47.586094
CID10051,2025-02-14 00:05:00,2025-02-14 00:05:34.386420,0.57,A104,Sales,Technical,0,0,9,1,10,162.52,0.0,19,1,113,13.0,1.0,,0,English,52,Web,Month-to-month,Landline,2025-10-02 10:56:47.586094
CID10052,2025-03-26 00:09:00,2025-03-26 00:29:47.892015,20.8,A110,Technical Support,Account,1,0,10,-1,5,21.74,0.0,18,0,52,17.0,1.0,I was disconnected very very very very very very very very very very very very very very very very very very very very very very very very very very very very very very very very very very very very very very very very very very very very,0,English,57,Android,1-year,Mobile,2025-10-02 10:56:47.586094
CID10053,2025-03-09 00:53:00,2025-03-09 00:53:30.000000,0.5,A158,Technical Support,Connectivity,1,0,8,1,7,292.25,0.0,34,0,22,7.0,1.0,Transferred multiple times before resolution,0,Other,41,iOS,Month-to-month,Landline,2025-10-02 10:56:47.586094
CID10054,2025-01-28 00:36:00,2025-01-28 00:43:05.357366,7.09,A197,Billing,Account,1,0,10,0,8,141.89,23.0,43,0,4,4.0,1.0,Excellent support!,0,English,36,iOS,1-year,Mobile,2025-10-02 10:56:47.586094
CID10055,2025-03-18 00:00:00,2025-03-18 00:11:31.794194,11.53,A187,Technical Support,Connectivity,1,1,6,-1,6,54.01,0.0,13,0,59,14.0,,Billing error corrected,1,English,49,iOS,Month-to-month,Mobile,2025-10-02 10:56:47.586094
CID10056,2025-01-03 00:06:00,2025-01-03 00:15:41.157072,9.69,A178,Retention,Technical,1,0,5,0,3,45.64,0.0,8,2,48,3.0,,Not happy with the service,0,Other,18,iOS,2-year,VoIP,2025-10-02 10:56:47.586094
CID10057,2025-01-07 00:39:00,2025-01-07 00:43:15.828173,4.26,A137,Retention,Billing,1,0,8,0,9,35.53,0.0,7,0,6,,1.0,,0,English,27,Android,2-year,Mobile,2025-10-02 10:56:47.586094
CID10058,2025-01-02 00:00:00,2025-01-02 00:06:45.075990,6.75,A171,Retention,Other,1,0,9,1,6,58.31,0.0,5,3,100,16.0,1.0,,0,English,18,iOS,2-year,Mobile,2025-10-02 10:56:47.586094
CID10059,2025-01-12 00:09:00,2025-01-12 00:14:02.519664,5.04,A104,Retention,Connectivity,1,0,8,0,8,48.89,0.0,1,0,47,4.0,,,0,English,27,Feature Phone,1-year,Mobile,2025-10-02 10:56:47.586094
CID10060,2025-01-15 00:32:00,2025-01-15 00:36:27.828688,4.46,A147,Billing,Technical,1,0,4,-2,4,74.31,0.0,10,0,6,,0.0,,0,English,30,iOS,1-year,VoIP,2025-10-02 10:56:47.586094
CID10061,2025-01-10 00:41:00,2025-01-10 00:54:05.856755,13.1,A189,Technical Support,Account,1,0,8,0,5,45.76,0.68,7,0,75,,1.0,,0,English,57,Android,Month-to-month,Mobile,2025-10-02 10:56:47.586094
CID10062,2025-02-22 00:39:00,2025-02-22 00:49:08.525575,10.14,A117,Retention,Technical,1,0,6,0,9,127.61,0.0,81,0,17,19.0,,,0,English,18,iOS,Month-to-month,VoIP,2025-10-02 10:56:47.586094
CID10063,2025-01-14 00:13:00,2025-01-14 00:16:50.552546,3.84,A169,Technical Support,Connectivity,1,0,9,-2,8,58.85,0.0,19,0,3,19.0,1.0,Transferred multiple times before resolution,0,English,34,Feature Phone,Month-to-month,Mobile,2025-10-02 10:56:47.586094
CID10064,2025-01-10 00:42:00,2025-01-10 00:55:23.855955,13.4,A136,Billing,Billing,1,1,9,1,6,46.8,0.0,10,0,51,17.0,,,0,English,47,Android,1-year,VoIP,2025-10-02 10:56:47.586094
CID10065,2025-01-24 00:14:00,2025-01-24 00:23:50.627828,9.84,A159,Sales,Technical,1,0,6,1,8,100.94,2.94,20,1,14,,,,0,English,44,iOS,2-year,Mobile,2025-10-02 10:56:47.586094
CID10066,2025-01-05 00:19:00,2025-01-05 00:31:52.630363,12.88,A147,Sales,Connectivity,0,0,7,-1,5,20.62,0.0,3,0,22,,1.0,Wait time was too long,0,English,57,Feature Phone,Month-to-month,VoIP,2025-10-02 10:56:47.586094
CID10067,2025-02-18 00:44:00,2025-02-18 00:55:46.666383,11.78,A176,Retention,Connectivity,1,0,6,-1,7,66.99,0.0,14,4,4,13.0,,Wait time was too long,0,English,41,iOS,2-year,VoIP,2025-10-02 10:56:47.586094
CID10068,2025-01-03 00:38:00,2025-01-03 00:41:01.561796,3.03,A127,Billing,Account,1,0,8,0,7,55.44,0.0,23,1,0,12.0,1.0,I was disconnected,0,English,44,Web,1-year,VoIP,2025-10-02 10:56:47.586094
CID10069,2025-05-11 00:50:00,2025-05-11 00:54:38.334826,4.64,A168,Retention,Billing,1,0,10,-1,6,23.42,0.0,16,0,30,6.0,1.0,Wait time was too long,0,English,18,iOS,1-year,Mobile,2025-10-02 10:56:47.586094
CID10070,2025-02-14 00:39:00,2025-02-14 00:51:29.025698,12.48,A176,Technical Support,Connectivity,1,0,6,1,5,19.59,0.0,12,0,22,4.0,,,0,English,28,iOS,Month-to-month,VoIP,2025-10-02 10:56:47.586094
CID10071,2025-01-07 00:34:00,2025-01-07 00:45:39.733296,11.66,A180,Technical Support,Connectivity,1,0,9,0,7,100.1,0.0,122,0,270,19.0,1.0,Transferred multiple times before resolution,0,English,18,iOS,Month-to-month,VoIP,2025-10-02 10:56:47.586094
CID10072,2025-01-01 00:05:00,2025-01-01 00:12:52.475426,7.87,A139,Retention,Connectivity,1,0,7,-2,7,97.29,9.03,50,0,47,16.0,1.0,Transferred multiple times before resolution,0,Spanish,46,Android,Month-to-month,Mobile,2025-10-02 10:56:47.586094
CID10073,2025-02-20 00:22:00,2025-02-20 00:30:42.237858,8.7,A144,Technical Support,Technical,0,0,7,-1,6,60.55,0.0,23,1,31,13.0,1.0,,0,English,44,Android,1-year,VoIP,2025-10-02 10:56:47.586094
CID10074,2025-02-06 00:15:00,2025-02-06 00:30:39.959362,15.67,A195,Retention,Account,1,0,8,2,5,152.93,4.11,20,22,6,4.0,1.0,Resolved after supervisor escalation very very very very very very very very very very very very very very very very very very very very very very very very very very very very very very very very very very very very very very very very very very very very very very very,1,English,43,iOS,Month-to-month,Landline,2025-10-02 10:56:47.586094
CID10075,2025-02-09 00:14:00,2025-02-09 00:18:27.034300,4.45,A161,Retention,Technical,1,0,6,2,7,71.14,6.9,23,1,13,17.0,,Excellent support!,0,English,29,Android,Month-to-month,Landline,2025-10-02 10:56:47.586094
CID10076,2025-02-14 00:58:00,2025-02-14 01:09:16.955057,11.28,A192,Technical Support,Other,0,0,7,1,6,115.57,0.0,5,0,71,1.0,1.0,Agent was helpful and resolved my issue quickly,0,English,28,Android,2-year,Mobile,2025-10-02 10:56:47.586094
CID10077,2025-01-03 00:23:00,2025-01-03 00:29:47.210645,6.79,A157,Billing,Billing,1,0,6,0,5,70.26,5.19,12,1,44,18.0,,,0,English,42,Web,1-year,VoIP,2025-10-02 10:56:47.586094
CID10078,2025-01-14 00:53:00,2025-01-14 00:59:41.634767,6.69,A166,Technical Support,Connectivity,1,0,10,-1,7,46.27,12.6,0,0,24,,1.0,,0,English,31,Feature Phone,2-year,Mobile,2025-10-02 10:56:47.586094
CID10079,2025-01-04 00:37:00,2025-01-04 00:51:35.559667,14.59,A155,Billing,Connectivity,1,0,8,1,10,28.95,0.0,15,1,9,15.0,1.0,"Great, thanks",0,English,27,iOS,Month-to-month,VoIP,2025-10-02 10:56:47.586094
CID10080,2025-03-01 00:47:00,2025-03-01 00:59:57.149886,12.95,A139,Sales,Connectivity,0,0,7,0,6,38.01,0.0,18,0,11,,1.0,,0,English,33,Web,Month-to-month,VoIP,2025-10-02 10:56:47.586094
CID10081,2025-01-30 00:30:00,2025-01-30 00:42:52.863469,12.88,A197,Retention,Plan Change,1,0,8,-3,10,46.79,21.73,6,2,39,13.0,1.0,Agent could not help,0,English,32,iOS,1-year,VoIP,2025-10-02 10:56:47.586094
CID10082,2025-01-13 00:34:00,2025-01-13 00:49:49.972371,15.83,A139,Billing,Billing,1,0,8,2,10,123.7,999.99,79,0,57,1.0,1.0,,0,English,29,Android,Month-to-month,Landline,2025-10-02 10:56:47.586094
CID10083,2025-01-02 00:29:00,2025-01-02 00:37:07.561383,8.13,A190,Technical Support,Connectivity,1,0,8,2,5,86.66,0.0,57,0,33,17.0,1.0,,0,English,25,Android,Month-to-month,VoIP,2025-10-02 10:56:47.586094
CID10084,2025-01-12 00:11:00,2025-01-12 00:23:05.503070,12.09,A176,Billing,Billing,1,0,9,1,7,66.57,0.0,30,1,50,6.0,1.0,,0,English,45,iOS,Month-to-month,Mobile,2025-10-02 10:56:47.586094
CID10085,2025-01-12 00:43:00,2025-01-12 00:49:08.303968,6.14,A132,Sales,Account,1,0,9,-2,10,92.02,0.0,18,0,44,4.0,,Wait time was too long,0,English,58,iOS,Month-to-month,Mobile,2025-10-02 10:56:47.586094
CID10086,2025-02-09 00:16:00,2025-02-09 00:25:56.699887,9.94,A105,Technical Support,Account,1,0,7,-1,7,74.92,1.23,48,1,50,16.0,,,0,English,39,Android,Month-to-month,VoIP,2025-10-02 10:56:47.586094
CID10087,2025-01-31 00:01:00,2025-01-31 00:08:13.148500,7.22,A187,Technical Support,Connectivity,1,0,7,-3,7,63.89,0.0,3,0,17,,1.0,,0,English,42,iOS,Month-to-month,VoIP,2025-10-02 10:56:47.586094
CID10088,2025-03-07 00:38:00,2025-03-07 00:46:34.918547,8.58,A118,Technical Support,Other,1,0,8,3,4,22.22,0.0,37,0,5,15.0,1.0,I was disconnected,0,English,46,Android,Month-to-month,Landline,2025-10-02 10:56:47.586094
CID10089,2025-01-20 00:10:00,2025-01-20 00:21:34.256529,11.57,A179,Sales,Billing,1,0,4,-1,6,108.15,0.0,3,1,8,6.0,0.0,,0,English,44,iOS,Month-to-month,Mobile,2025-10-02 10:56:47.586094
CID10090,2025-01-04 00:56:00,2025-01-04 00:59:05.440554,3.09,A139,Sales,Connectivity,1,1,5,4,8,41.47,0.0,37,5,61,,,Wait time was too long,0,English,29,Feature Phone,1-year,Mobile,2025-10-02 10:56:47.586094
CID10091,2025-02-07 00:57:00,2025-02-07 01:17:33.259419,20.55,A191,Technical Support,Technical,1,0,10,3,10,104.91,0.0,7,1,19,14.0,1.0,,0,English,60,iOS,Month-to-month,VoIP,2025-10-02 10:56:47.586094
CID10092,2025-02-12 00:54:00,2025-02-12 00:55:57.833743,1.96,A196,Technical Support,Connectivity,1,0,10,-1,7,111.18,0.0,50,0,23,11.0,1.0,Agent could not help,0,English,30,Web,1-year,VoIP,2025-10-02 10:56:47.586094
CID10093,2025-01-25 00:22:00,2025-01-25 00:22:42.892099,0.71,A158,Retention,Plan Change,1,0,8,-1,4,36.52,0.0,69,0,6,7.0,1.0,,0,English,47,Feature Phone,Month-to-month,VoIP,2025-10-02 10:56:47.586094
CID10094,2025-02-14 00:00:00,2025-02-14 00:14:56.919914,14.95,A158,Retention,Other,1,0,9,1,4,96.53,0.0,999,0,11,9.0,1.0,Excellent support!,0,Spanish,46,Web,Month-to-month,VoIP,2025-10-02 10:56:47.586094
CID10095,2025-01-21 00:55:00,2025-01-21 01:07:44.998570,12.75,A147,Technical Support,Technical,1,0,9,-3,7,43.97,2.12,14,0,8,,1.0,Resolved after supervisor escalation,1,English,18,Web,1-year,VoIP,2025-10-02 10:56:47.586094
CID10096,2025-01-23 00:25:00,2025-01-23 00:36:44.683134,11.74,A140,Retention,Technical,0,0,10,-1,9,44.12,0.0,95,0,7,5.0,1.0,Transferred multiple times before resolution,0,English,35,Feature Phone,Month-to-month,Mobile,2025-10-02 10:56:47.586094
CID10097,2025-01-17 00:57:00,2025-01-17 01:08:46.204383,11.77,A112,Billing,Connectivity,1,0,10,-1,8,63.72,0.0,15,0,30,,1.0,Resolved after supervisor escalation,1,English,40,iOS,Month-to-month,VoIP,2025-10-02 10:56:47.586094
CID10098,2025-01-01 00:57:00,2025-01-01 01:04:55.591162,7.93,A144,Retention,Plan Change,1,0,8,3,8,64.76,0.0,47,0,9,18.0,1.0,Not happy with the service,0,English,41,Android,Month-to-month,VoIP,2025-10-02 10:56:47.586094
CID10099,2025-01-04 00:51:00,2025-01-04 00:53:36.988426,2.62,A188,Billing,Billing,1,2,6,0,10,55.88,0.0,21,4,30,3.0,,Wait time was too long,0,English,43,iOS,2-year,Mobile,2025-10-02 10:56:47.586094
CID10100,2025-01-01 00:17:00,2025-01-01 00:25:27.289641,8.45,A152,Technical Support,Technical,1,0,5,0,6,24.52,0.0,11,1,2,13.0,,Agent was helpful and resolved my issue quickly,0,English,49,iOS,Month-to-month,Mobile,2025-10-02 10:56:47.586094
CID10101,2025-01-31 00:23:00,2025-01-31 00:26:56.221784,3.94,A141,Sales,Plan Change,1,0,8,-1,7,50.76,0.0,8,4,50,11.0,1.0,Not happy with the service,0,English,39,Android,Month-to-month,VoIP,2025-10-02 10:56:47.586094
CID10102,2025-01-12 00:51:00,2025-01-12 01:04:51.043104,13.85,A199,Retention,Other,1,0,7,1,6,214.24,43.18,5,0,10,,1.0,Excellent support!,0,Spanish,44,Android,1-year,Mobile,2025-10-02 10:56:47.586094
CID10103,2025-01-22 00:19:00,2025-01-22 00:26:07.059343,7.12,A162,Technical Support,Technical,1,1,5,-1,6,10.27,0.0,34,0,27,,,,0,English,39,Web,Month-to-month,VoIP,2025-10-02 10:56:47.586094
CID10104,2025-03-13 00:10:00,2025-03-13 00:13:02.821009,3.05,A126,Sales,Connectivity,1,0,7,0,5,92.01,2.0,11,1,34,,1.0,Wait time was too long,0,Spanish,27,Web,Month-to-month,VoIP,2025-10-02 10:56:47.586094
CID10105,2025-01-09 00:33:00,2025-01-09 00:39:04.301097,6.07,A137,Retention,Other,0,0,6,-1,6,102.95,0.0,17,2,18,17.0,,,0,English,40,Feature Phone,Month-to-month,VoIP,2025-10-02 10:56:47.586094
CID10106,2025-01-16 00:56:00,2025-01-16 01:06:28.655324,10.48,A159,Technical Support,Account,1,1,10,-2,7,24.17,0.0,16,4,18,,1.0,,0,English,48,Android,1-year,Mobile,2025-10-02 10:56:47.586094
CID10107,2025-02-12 00:41:00,2025-02-12 00:45:37.059161,4.62,A106,Billing,Plan Change,1,0,10,-2,6,41.2,0.0,20,2,39,19.0,1.0,,0,English,53,Android,Month-to-month,VoIP,2025-10-02 10:56:47.586094
CID10108,2025-01-08 00:34:00,2025-01-08 00:37:04.000658,3.07,A104,Billing,Account,1,0,8,-1,7,29.95,0.0,48,0,0,19.0,1.0,Not happy with the service,0,English,46,Android,Month-to-month,VoIP,2025-10-02 10:56:47.586094
CID10109,2025-01-03 00:05:00,2025-01-03 00:14:27.727396,9.46,A144,Sales,Connectivity,1,0,10,0,8,166.06,1.47,94,1,13,10.0,1.0,,0,English,56,Android,Month-to-month,VoIP,2025-10-02 10:56:47.586094
CID10110,2025-01-11 00:36:00,2025-01-11 00:45:28.187966,9.47,A157,Retention,Billing,1,0,8,0,9,105.83,0.0,12,1,51,,1.0,Wait time was too long,0,English,45,Android,1-year,Mobile,2025-10-02 10:56:47.586094
CID10111,2025-01-06 00:59:00,2025-01-06 01:03:57.500457,4.96,A130,Technical Support,Account,1,0,6,0,10,108.95,0.0,42,0,28,14.0,,I was disconnected,0,English,50,Android,Month-to-month,VoIP,2025-10-02 10:56:47.586094
CID10112,2025-03-21 00:08:00,2025-03-21 00:13:10.426210,5.17,A122,Technical Support,Technical,0,0,10,-1,9,58.7,0.0,34,1,12,19.0,1.0,Excellent support!,0,English,51,Web,2-year,VoIP,2025-10-02 10:56:47.586094
CID10113,2025-02-19 00:31:00,2025-02-19 00:40:23.537977,9.39,A141,Retention,Connectivity,1,1,9,2,4,119.97,0.0,20,0,71,5.0,1.0,,0,English,37,iOS,Month-to-month,VoIP,2025-10-02 10:56:47.586094
CID10114,2025-01-31 00:52:00,2025-01-31 00:52:30.000000,0.5,A109,Technical Support,Account,1,2,6,2,6,54.33,0.0,74,0,44,5.0,,"Great, thanks",0,Spanish,48,Android,2-year,VoIP,2025-10-02 10:56:47.586094
CID10115,2025-03-03 00:44:00,2025-03-03 00:44:30.000000,0.5,A131,Sales,Connectivity,0,0,8,0,6,123.41,0.0,5,0,9,,1.0,Transferred multiple times before resolution,0,English,28,Android,2-year,Mobile,2025-10-02 10:56:47.586094
CID10116,2025-02-18 00:41:00,2025-02-18 00:44:41.360080,3.69,A152,Retention,Technical,1,0,6,0,6,49.94,0.0,2,0,31,10.0,,,0,Spanish,44,iOS,Month-to-month,Mobile,2025-10-02 10:56:47.586094
CID10117,2025-01-07 00:42:00,2025-01-07 00:48:43.159025,6.72,A129,Sales,Billing,1,0,6,-1,8,36.32,999.99,46,1,27,5.0,,,0,Spanish,46,Android,Month-to-month,VoIP,2025-10-02 10:56:47.586094
CID10118,2025-03-08 00:21:00,2025-03-08 00:30:51.926724,9.87,A138,Technical Support,Connectivity,1,0,10,-5,4,161.83,0.0,13,1,15,4.0,1.0,Billing error corrected,1,Spanish,52,Web,Month-to-month,VoIP,2025-10-02 10:56:47.586094
CID10119,2025-01-24 00:17:00,2025-01-24 00:33:51.128238,16.85,A130,Technical Support,Connectivity,0,0,10,0,10,53.92,0.0,45,0,14,6.0,1.0,Transferred multiple times before resolution,0,English,49,Android,Month-to-month,VoIP,2025-10-02 10:56:47.586094
CID10120,2025-02-19 00:48:00,2025-02-19 01:01:08.757464,13.15,A181,Technical Support,Connectivity,0,0,5,0,9,31.84,0.0,53,2,13,4.0,,,0,English,52,Android,1-year,VoIP,2025-10-02 10:56:47.586094
CID10121,2025-03-09 00:48:00,2025-03-09 00:55:02.422129,7.04,A199,Billing,Billing,1,0,9,-3,8,31.63,0.0,1,0,29,7.0,1.0,Transferred multiple times before resolution,0,Other,38,Android,Month-to-month,VoIP,2025-10-02 10:56:47.586094
CID10122,2025-01-12 00:52:00,2025-01-12 00:59:53.154165,7.89,A101,Sales,Connectivity,1,0,7,1,7,31.69,0.0,51,0,18,7.0,1.0,Not happy with the service,0,English,35,Android,Month-to-month,Mobile,2025-10-02 10:56:47.586094
CID10123,2025-01-04 00:54:00,2025-01-04 00:55:59.089429,1.98,A177,Sales,Connectivity,1,1,7,0,9,90.62,0.0,14,0,53,18.0,1.0,Excellent support!,0,English,36,iOS,Month-to-month,Landline,2025-10-02 10:56:47.586094
CID10124,2025-01-08 00:30:00,2025-01-08 00:37:53.335271,7.89,A176,Technical Support,Plan Change,0,0,7,1,8,51.45,15.35,17,1,33,3.0,1.0,,0,English,43,iOS,2-year,Landline,2025-10-02 10:56:47.586094
CID10125,2025-01-17 00:30:00,2025-01-17 00:36:16.082890,6.27,A192,Technical Support,Technical,1,0,6,0,9,216.76,0.0,999,0,2,1.0,,,0,English,18,iOS,Month-to-month,Mobile,2025-10-02 10:56:47.586094
CID10126,2025-02-21 00:47:00,2025-02-21 00:56:56.178682,9.94,A111,Technical Support,Billing,0,0,8,2,7,111.24,0.0,62,12,31,4.0,1.0,,0,English,55,Android,Month-to-month,Mobile,2025-10-02 10:56:47.586094
CID10127,2025-03-01 00:38:00,2025-03-01 00:41:02.196860,3.04,A138,Billing,Other,1,0,7,0,10,63.71,2.59,0,2,9,,1.0,,0,English,40,iOS,Month-to-month,Mobile,2025-10-02 10:56:47.586094
CID10128,2025-01-01 00:42:00,2025-01-01 00:53:06.964745,11.12,A165,Technical Support,Connectivity,1,0,10,2,9,126.77,0.0,15,1,27,,1.0,Wait time was too long,0,Spanish,35,iOS,2-year,VoIP,2025-10-02 10:56:47.586094
CID10129,2025-01-22 00:47:00,2025-01-22 01:04:11.786009,17.2,A195,Technical Support,Account,1,0,8,2,8,40.56,0.0,27,0,34,14.0,1.0,Resolved after supervisor escalation,1,English,18,Web,1-year,Mobile,2025-10-02 10:56:47.586094
CID10130,2025-01-17 00:53:00,2025-01-17 01:00:20.846347,7.35,A112,Technical Support,Account,1,0,8,-2,10,17.94,8.65,30,3,8,12.0,1.0,Billing error corrected,1,Spanish,39,Android,Month-to-month,VoIP,2025-10-02 10:56:47.586094
CID10131,2025-01-08 00:20:00,2025-01-08 00:30:24.616220,10.41,A145,Technical Support,Billing,1,0,6,-1,6,30.15,10.97,28,0,18,4.0,,Agent could not help,0,English,37,Android,Month-to-month,VoIP,2025-10-02 10:56:47.586094
CID10132,2025-01-04 00:22:00,2025-01-04 00:34:08.451837,12.14,A126,Billing,Billing,1,0,7,1,5,59.64,2.99,3,1,6,12.0,1.0,Not happy with the service,0,English,29,iOS,Month-to-month,Mobile,2025-10-02 10:56:47.586094
CID10133,2025-01-13 00:05:00,2025-01-13 00:10:35.560630,5.59,A116,Retention,Billing,1,0,9,-1,8,47.77,0.0,8,1,2,10.0,1.0,,0,English,31,iOS,Month-to-month,VoIP,2025-10-02 10:56:47.586094
CID10134,2025-03-27 00:34:00,2025-03-27 00:43:20.673293,9.34,A194,Retention,Billing,1,0,9,0,7,89.54,2.4,10,1,14,,1.0,,0,English,39,iOS,2-year,VoIP,2025-10-02 10:56:47.586094
CID10135,2025-01-12 00:02:00,2025-01-12 00:10:04.533264,8.08,A197,Billing,Technical,0,2,6,2,7,50.66,0.0,39,0,14,3.0,,,0,Spanish,32,Android,1-year,Landline,2025-10-02 10:56:47.586094
CID10136,2025-01-22 00:27:00,2025-01-22 00:35:35.163395,8.59,A159,Technical Support,Connectivity,0,0,8,0,9,85.53,0.0,7,1,162,,,Billing error corrected,1,English,46,iOS,Month-to-month,VoIP,2025-10-02 10:56:47.586094
CID10137,2025-02-06 00:32:00,2025-02-06 00:35:21.716478,3.36,A163,Technical Support,Connectivity,1,1,9,-2,7,134.37,0.0,5,0,18,10.0,1.0,,0,English,31,Web,2-year,VoIP,2025-10-02 10:56:47.586094
CID10138,2025-01-14 00:17:00,2025-01-14 00:25:08.823663,8.15,A187,Technical Support,Connectivity,1,0,5,-1,8,50.57,0.0,75,0,12,16.0,,,0,English,41,iOS,Month-to-month,Landline,2025-10-02 10:56:47.586094
CID10139,2025-04-18 00:35:00,2025-04-18 00:45:59.279385,10.99,A134,Billing,Connectivity,1,1,9,3,6,571.7696901994144,15.85,0,0,26,,1.0,"Great, thanks",0,English,54,Web,1-year,Mobile,2025-10-02 10:56:47.586094
CID10140,2025-04-09 00:01:00,2025-04-09 00:17:42.411699,16.71,A169,Technical Support,Billing,1,0,7,0,9,19.05,0.0,147,0,3,10.0,1.0,,0,English,39,iOS,2-year,Mobile,2025-10-02 10:56:47.586094
CID10141,2025-01-09 00:02:00,2025-01-09 00:15:45.337497,13.76,A182,Billing,Connectivity,1,0,9,-2,8,50.69,0.0,27,0,980,13.0,1.0,I was disconnected,0,English,44,Web,Month-to-month,VoIP,2025-10-02 10:56:47.586094
CID10142,2025-01-21 00:49:00,2025-01-21 01:09:55.145685,20.92,A129,Billing,Technical,0,0,7,-3,9,26.07,0.0,42,1,30,6.0,1.0,Excellent support!,0,English,43,Feature Phone,1-year,VoIP,2025-10-02 10:56:47.586094
CID10143,2025-01-11 00:21:00,2025-01-11 00:24:23.754877,3.4,A170,Technical Support,Connectivity,1,0,5,-1,6,59.57,0.0,8,2,42,12.0,,Agent could not help,0,Spanish,40,Android,Month-to-month,Mobile,2025-10-02 10:56:47.586094
CID10144,2025-01-11 00:07:00,2025-01-11 00:20:14.035429,13.23,A173,Sales,Connectivity,0,0,5,0,10,62.9,0.0,0,1,6,9.0,,Not happy with the service,0,English,39,Web,Month-to-month,Mobile,2025-10-02 10:56:47.586094
CID10145,2025-01-02 00:31:00,2025-01-02 00:40:06.003122,9.1,A195,Billing,Account,0,0,8,2,10,62.78,11.18,32,1,16,,1.0,Transferred multiple times before resolution,0,English,33,Android,Month-to-month,Mobile,2025-10-02 10:56:47.586094
CID10146,2025-01-29 00:46:00,2025-01-29 01:07:08.329056,21.14,A197,Retention,Connectivity,1,0,10,1,9,40.93,0.0,43,0,16,,1.0,,0,English,41,Web,Month-to-month,VoIP,2025-10-02 10:56:47.586094
CID10147,2025-01-21 00:12:00,2025-01-21 00:15:09.012617,3.15,A162,Retention,Account,1,0,6,0,5,216.82,0.0,32,3,52,,,,0,Spanish,36,iOS,1-year,VoIP,2025-10-02 10:56:47.586094
CID10148,2025-01-02 00:37:00,2025-01-02 00:39:57.700137,2.96,A127,Retention,Account,1,0,9,-1,5,25.51,0.0,3,1,0,18.0,1.0,,0,English,58,Android,2-year,Landline,2025-10-02 10:56:47.586094
CID10149,2025-01-10 00:05:00,2025-01-10 00:09:24.218648,4.4,A159,Technical Support,Connectivity,1,0,5,1,6,24.59,2.11,33,0,11,11.0,,,0,English,49,iOS,1-year,VoIP,2025-10-02 10:56:47.586094
